{
  "2": {
    "pose": {
      "x": -0.4582961627994922,
      "y": -0.04273626837190488,
      "z": 0.5375982096882839,
      "rx": 1.5470063339677274,
      "ry": 0.009769761201020596,
      "rz": -1.5888099959914324
    },
    "meta": {
      "axis": "x",
      "approach_offset_m": 0.03,
      "press_depth_m": 0.005,
      "accel": 3.141592653589793,
      "vel": 3.141592653589793
    }
  },
  "g": {
    "pose": {
      "x": -0.46469408096504256,
      "y": 0.03112033985087121,
      "z": 0.4707295893028602,
      "rx": 1.524835607279139,
      "ry": 0.014960337864376286,
      "rz": -1.4891802342579163
    },
    "meta": {
      "axis": "x",
      "approach_offset_m": 0.03,
      "press_depth_m": 0.005,
      "accel": 3.141592653589793,
      "vel": 3.141592653589793
    }
  },
  "3": {
    "pose": {
      "x": -0.4565057661943543,
      "y": 0.02592693339073323,
      "z": 0.5437256053605474,
      "rx": 1.5408280111388142,
      "ry": 0.018729749144030076,
      "rz": -1.5113291001837834
    },
    "meta": {
      "axis": "x",
      "approach_offset_m": 0.03,
      "press_depth_m": 0.005,
      "accel": 3.141592653589793,
      "vel": 3.141592653589793
    }
  },
  "5": {
    "pose": {
      "x": -0.45202457704286825,
      "y": -0.03791658557333754,
      "z": 0.4969805023217703,
      "rx": 1.4979807141254962,
      "ry": -0.0029956707959048843,
      "rz": -1.5322541935454663
    },
    "meta": {
      "axis": "x",
      "approach_offset_m": 0.03,
      "press_depth_m": 0.005,
      "accel": 3.141592653589793,
      "vel": 3.141592653589793
    }
  },
  "6": {
    "pose": {
      "x": -0.4762741750939647,
      "y": -0.01148952014790207,
      "z": 0.4947611720099237,
      "rx": 1.46255558767243,
      "ry": 0.03074599421049752,
      "rz": -1.605898679068879
    },
    "meta": {
      "axis": "x",
      "approach_offset_m": 0.05,
      "press_depth_m": 0.005,
      "accel": 3.141592653589793,
      "vel": 3.141592653589793
    }
  },
  "7": {
    "pose": {
      "x": -0.4519099517520492,
      "y": -0.04008420598582433,
      "z": 0.4650920445634338,
      "rx": 1.501782674910422,
      "ry": 0.000993276192871573,
      "rz": -1.570352823985624
    },
    "meta": {
      "axis": "x",
      "approach_offset_m": 0.03,
      "press_depth_m": 0.005,
      "accel": 3.141592653589793,
      "vel": 3.141592653589793
    }
  }
}